[
  {
    "id": "04b4a70b-122f-41ad-8745-742f6210c582",
    "data": [
      {
        "text": "Date: ",
        "userDefined": false
      },
      {
        "text": "04/03/2019",
        "alias": "date",
        "meta": "@sys.any",
        "userDefined": true
      }
    ],
    "isTemplate": false,
    "count": 0,
    "updated": 0
  },
  {
    "id": "55a64617-d539-490e-a989-ded77e495907",
    "data": [
      {
        "text": "Date:",
        "userDefined": false
      },
      {
        "text": "23/06/2929",
        "alias": "date",
        "meta": "@sys.any",
        "userDefined": true
      }
    ],
    "isTemplate": false,
    "count": 0,
    "updated": 0
  },
  {
    "id": "72840980-dad2-4155-ad5f-6b5b6968b760",
    "data": [
      {
        "text": "Date:",
        "userDefined": false
      },
      {
        "text": "16/07/2020",
        "alias": "date",
        "meta": "@sys.any",
        "userDefined": true
      }
    ],
    "isTemplate": false,
    "count": 0,
    "updated": 0
  }
]