[
  {
    "id": "a3a5a50f-88c5-4280-a679-dccd808a88d6",
    "data": [
      {
        "text": "ImageResponse queryId ",
        "userDefined": false
      },
      {
        "text": "4",
        "alias": "queryId",
        "meta": "@sys.number",
        "userDefined": false
      },
      {
        "text": " value ",
        "userDefined": false
      },
      {
        "text": "2",
        "alias": "value",
        "meta": "@sys.number",
        "userDefined": false
      }
    ],
    "isTemplate": false,
    "count": 0,
    "updated": 0
  },
  {
    "id": "f2bbc4ae-df34-4256-877c-3305a798848b",
    "data": [
      {
        "text": "ImageResponse queryId ",
        "userDefined": false
      },
      {
        "text": "10",
        "alias": "queryId",
        "meta": "@sys.number",
        "userDefined": false
      },
      {
        "text": " value ",
        "userDefined": false
      },
      {
        "text": "2",
        "alias": "value",
        "meta": "@sys.number",
        "userDefined": false
      }
    ],
    "isTemplate": false,
    "count": 0,
    "updated": 0
  },
  {
    "id": "26631e12-b5fa-4b91-a71d-b619e464686e",
    "data": [
      {
        "text": "ImageResponse queryId ",
        "userDefined": false
      },
      {
        "text": "1",
        "alias": "queryId",
        "meta": "@sys.number",
        "userDefined": true
      },
      {
        "text": " value ",
        "userDefined": false
      },
      {
        "text": "5",
        "alias": "value",
        "meta": "@sys.number",
        "userDefined": false
      }
    ],
    "isTemplate": false,
    "count": 0,
    "updated": 0
  }
]